"timestamp";"nbExecutors"
"113";"2"
"115";"2"
"117";"2"
"119";"2"
"121";"2"
"123";"2"
"125";"2"
"127";"2"
"129";"2"
"132";"2"
"134";"2"
"136";"2"
"138";"2"
"140";"2"
"142";"2"
"144";"2"
"146";"2"
"148";"2"
"150";"2"
"152";"2"
"154";"2"
"156";"2"
"158";"2"
"160";"2"
"162";"2"
"164";"2"
"166";"2"
"168";"2"
"170";"2"
"172";"2"
"174";"2"
"177";"2"
"179";"2"
"181";"2"
"183";"2"
"185";"2"
"187";"2"
"189";"2"
"191";"2"
"193";"2"
"195";"2"
"197";"2"
"199";"2"
"201";"2"
"203";"2"
"205";"2"
"207";"2"
"209";"2"
"211";"2"
"213";"2"
"215";"2"
"217";"2"
"219";"2"
"222";"2"
"224";"2"
"226";"2"
"228";"2"
"230";"2"
"232";"2"
"234";"2"
"236";"2"
"238";"2"
"240";"2"
"242";"2"
"244";"2"
"246";"2"
"248";"2"
"250";"2"
"252";"2"
"254";"2"
"256";"2"
"258";"2"
"260";"2"
"262";"2"
"264";"2"
"266";"2"
"269";"2"
"271";"2"
"273";"2"
"275";"2"
"277";"2"
"279";"2"
"281";"2"
"283";"2"
"285";"2"
"287";"2"
"289";"2"
"291";"2"
"293";"2"
"295";"2"
"297";"2"
"299";"2"
"301";"2"
"303";"2"
"305";"2"
"307";"2"
"309";"2"
"311";"2"
"313";"2"
"316";"2"
"318";"2"
"320";"2"
"322";"2"
"324";"2"
"326";"2"
"328";"2"
"330";"2"
"332";"2"
"334";"2"
"336";"2"
"338";"2"
"340";"2"
"342";"2"
"344";"2"
"346";"2"
"348";"2"
"350";"2"
"352";"2"
"354";"2"
"356";"2"
"358";"2"
"360";"2"
"362";"2"
"364";"2"
"367";"2"
"369";"2"
"371";"2"
"373";"2"
"375";"2"
"377";"2"
"379";"2"
"381";"2"
"383";"2"
"385";"2"
"387";"2"
"389";"2"
"391";"2"
"393";"2"
"395";"2"
"397";"2"
"399";"2"
"401";"2"
"403";"2"
"405";"2"
"407";"2"
"409";"2"
"411";"2"
"413";"2"
"415";"2"
"418";"2"
"420";"2"
"422";"2"
"424";"2"
"426";"2"
"428";"2"
"430";"2"
"432";"2"
"434";"2"
"436";"2"
"438";"2"
"440";"2"
"442";"2"
"444";"2"
"446";"2"
"448";"2"
"450";"2"
"452";"2"
"454";"2"
"456";"2"
"458";"2"
"460";"2"
"462";"2"
"464";"2"
"466";"2"
"468";"2"
"470";"2"
"473";"2"
"475";"2"
"477";"2"
"479";"2"
"481";"2"
"483";"2"
"485";"2"
"487";"2"
"489";"2"
"491";"2"
"493";"2"
"495";"2"
"497";"2"
"499";"2"
"501";"2"
"503";"2"
"505";"2"
"507";"2"
"509";"2"
"511";"2"
"513";"2"
"515";"2"
"517";"2"
"519";"2"
"521";"2"
"523";"2"
"526";"2"
"528";"2"
"530";"2"
"532";"2"
"534";"2"
"536";"2"
"538";"2"
"540";"2"
"542";"2"
"544";"2"
"546";"2"
"548";"2"
"550";"2"
"552";"2"
"554";"2"
"556";"2"
"558";"2"
"560";"2"
"562";"2"
"564";"2"
"566";"2"
"568";"2"
"570";"2"
"572";"2"
"574";"2"
"576";"2"
"579";"2"
"581";"2"
"583";"2"
"585";"2"
"587";"2"
"589";"2"
"591";"2"
"593";"2"
"595";"2"
"597";"2"
"599";"2"
"601";"2"
"603";"2"
"605";"2"
"607";"2"
"609";"2"
"611";"2"
"613";"2"
"615";"2"
"617";"2"
"619";"2"
"621";"2"
"623";"2"
"625";"2"
"627";"2"
"629";"2"
"632";"2"
"634";"2"
"636";"2"
"638";"2"
"640";"2"
"642";"2"
"644";"2"
"646";"2"
"648";"2"
"650";"2"
"652";"2"
"654";"2"
"656";"2"
"658";"2"
"660";"2"
"662";"2"
"664";"2"
"666";"2"
"668";"2"
"670";"2"
"672";"2"
"674";"2"
"676";"2"
"678";"2"
"681";"2"
"683";"2"
"685";"2"
"687";"2"
"689";"2"
"691";"2"
"693";"2"
"695";"2"
"697";"2"
"699";"2"
"701";"2"
"703";"2"
"705";"2"
"707";"2"
"709";"2"
"711";"2"
"713";"2"
"715";"2"
"717";"2"
"719";"2"
"721";"2"
"723";"2"
"725";"2"
"727";"2"
"729";"2"
"732";"2"
"734";"2"
"736";"2"
"738";"2"
"740";"2"
"742";"2"
"744";"2"
"746";"2"
"748";"2"
"750";"2"
"752";"2"
"754";"2"
"756";"2"
"758";"2"
"760";"2"
"762";"2"
"764";"2"
"766";"2"
"768";"2"
"770";"2"
"772";"2"
"774";"2"
"776";"2"
"778";"2"
"781";"2"
"783";"2"
"785";"2"
"787";"2"
"789";"2"
"791";"2"
